Lab_Angle,sigma_elas,sigma_inela,A_N_elas,A_N_inela
6,319.39983,0.51319,0.50137,0.2647
8,262.68922,1.67794,0.60858,0.33952
10,226.5098,2.92768,0.7047,0.46137
12,150.96772,4.09721,0.80455,0.56992
14,78.21246,4.51057,0.88815,0.68597
16,47.74229,4.83197,0.98678,0.81926
18,26.06785,4.90811,0.97042,0.91046
20,13.0353,4.529,0.79317,0.94911
22,6.83218,3.92827,0.46906,0.92361
24,3.71776,3.3431,0.06897,0.82263
26,1.95402,2.81967,-0.30981,0.64979
28,1.12693,2.30144,-0.41803,0.43122
